poll_id,pollster_id,pollster,sponsor_ids,sponsors,sponsor_candidate_id,sponsor_candidate,sponsor_candidate_party,display_name,mode,state,start_date,end_date,internal,partisan,question_id,sample_size,population,subpopulation,population_full,tracking,created_at,updated_at,notes,url,url_article,url_topline,url_crosstab,race_id,cycle,office_type,seat_name,election_date,stage,dem,rep
89437,1347,Cygnal,NA,NA,NA,NA,NA,Cygnal,NA,NA,2024-12-09T00:00:00Z,2024-12-11T00:00:00Z,FALSE,NA,217076,1500,lv,NA,lv,FALSE,2025-04-28 20:12:55 UTC,2025-04-28 20:12:55 UTC,NA,https://www.cygn.al/poll-musk-most-effective-trump-surrogate-as-voters-rally-behind-doge-deportations-and-congressional-republicans/,https://www.cygn.al/poll-musk-most-effective-trump-surrogate-as-voters-rally-behind-doge-deportations-and-congressional-republicans/,NA,https://www.cygn.al/wp-content/uploads/2024/12/Cygnal-National-NVT-Dec24-Deck-Public.pdf,16444,2026,U.S. House,Generic Ballot,2026-11-03T00:00:00Z,general,44.6,48.4
89445,294,McLaughlin,NA,NA,NA,NA,NA,McLaughlin & Associates,Online Opt-In Panel,NA,2024-12-11T00:00:00Z,2024-12-16T00:00:00Z,FALSE,NA,217185,1000,lv,NA,lv,FALSE,2025-04-28 20:12:49 UTC,2025-04-28 20:12:49 UTC,NA,https://mclaughlinonline.com/2024/12/18/ma-poll-national-monthly-december-2024/,https://mclaughlinonline.com/2024/12/18/ma-poll-national-monthly-december-2024/,NA,https://mclaughlinonline.com/pols/wp-content/uploads/2024/12/National-December-Presentation-RELEASE-12-17-24.pdf,16444,2026,U.S. House,Generic Ballot,2026-11-03T00:00:00Z,general,42,47
89491,1347,Cygnal,NA,NA,NA,NA,NA,Cygnal,NA,NA,2025-01-09T00:00:00Z,2025-01-12T00:00:00Z,FALSE,NA,217594,1500,lv,NA,lv,FALSE,2025-04-28 20:12:56 UTC,2025-04-28 20:12:56 UTC,NA,https://www.cygn.al/voters-back-kingmaker-trumps-policies-on-economy-energy-and-health/,https://www.cygn.al/voters-back-kingmaker-trumps-policies-on-economy-energy-and-health/,NA,https://www.cygn.al/wp-content/uploads/2025/01/22827-Cygnal-National-NVT-Jan25-Deck.pdf,16444,2026,U.S. House,Generic Ballot,2026-11-03T00:00:00Z,general,44.6,46.8
89497,1554,RMG Research,2178,Napolitan Institute,NA,NA,NA,RMG Research,Online Opt-In Panel,NA,2025-01-15T00:00:00Z,2025-01-16T00:00:00Z,FALSE,NA,217652,1000,rv,NA,rv,FALSE,2025-04-28 20:12:56 UTC,2025-04-28 20:12:56 UTC,NA,https://napolitannews.org/posts/generic-ballot-gop-51-percent-dem-44,https://napolitannews.org/posts/generic-ballot-gop-51-percent-dem-44,NA,NA,16444,2026,U.S. House,Generic Ballot,2026-11-03T00:00:00Z,general,44,51
89511,1895,Quantus Insights,2184,TrendingPolitics,NA,NA,NA,Quantus Insights,Online Opt-In Panel,NA,2025-01-22T00:00:00Z,2025-01-23T00:00:00Z,FALSE,REP,217817,1000,rv,NA,rv,FALSE,2025-04-28 19:55:38 UTC,2025-04-28 19:55:38 UTC,NA,https://quantusinsights.org/f/trump%E2%80%99s-second-term-begins-what-voters-think,https://quantusinsights.org/f/trump%E2%80%99s-second-term-begins-what-voters-think,NA,https://drive.google.com/file/d/1d1e9IDGzoiE2SXuhKUJju0g4jNfHm_yK/view,16444,2026,U.S. House,Generic Ballot,2026-11-03T00:00:00Z,general,45,48
89530,294,McLaughlin,NA,NA,NA,NA,NA,McLaughlin & Associates,Online Opt-In Panel,NA,2025-01-22T00:00:00Z,2025-01-27T00:00:00Z,FALSE,NA,217902,1000,lv,NA,lv,FALSE,2025-04-28 19:56:37 UTC,2025-04-28 19:56:37 UTC,NA,https://mclaughlinonline.com/pols/wp-content/uploads/2025/01/National-January-Presentation-RELEASE-01-28-25.pdf,NA,NA,https://mclaughlinonline.com/pols/wp-content/uploads/2025/01/National-January-Presentation-RELEASE-01-28-25.pdf,16444,2026,U.S. House,Generic Ballot,2026-11-03T00:00:00Z,general,40,48
89555,1699,Fabrizio/Impact,42,AARP,NA,NA,NA,"Fabrizio, Lee & Associates/Impact Research",Online Opt-In Panel/Text-to-Web,NA,2025-01-27T00:00:00Z,2025-02-01T00:00:00Z,FALSE,NA,218160,3000,rv,NA,rv,FALSE,2025-04-28 19:59:49 UTC,2025-04-28 19:59:49 UTC,NA,https://www.aarp.org/content/dam/aarp/research/topics/voter-opinion-research/politics/federal-tax-package-legislative-priorities.doi.10.26419-2fres.00921.001.pdf,NA,NA,https://www.aarp.org/content/dam/aarp/research/topics/voter-opinion-research/politics/federal-tax-package-legislative-priorities.doi.10.26419-2fres.00921.001.pdf,16444,2026,U.S. House,Generic Ballot,2026-11-03T00:00:00Z,general,43,43
89560,1347,Cygnal,NA,NA,NA,NA,NA,Cygnal,NA,NA,2025-02-04T00:00:00Z,2025-02-05T00:00:00Z,FALSE,NA,218218,1500,lv,NA,lv,FALSE,2025-04-28 19:59:50 UTC,2025-04-28 19:59:50 UTC,NA,https://www.cygn.al/poll-trump-winning-over-black-men-dei-skeptics-and-border-hawks-as-democrats-lose-ground/,https://www.cygn.al/poll-trump-winning-over-black-men-dei-skeptics-and-border-hawks-as-democrats-lose-ground/,NA,https://www.cygn.al/wp-content/uploads/2025/02/22874-Cygnal-National-NVT-Feb25-Deck-Public.pdf,16444,2026,U.S. House,Generic Ballot,2026-11-03T00:00:00Z,general,46.2,47.2
89553,921,Clarity,NA,NA,NA,NA,NA,Clarity Campaign Labs,Online Opt-In Panel,NA,2025-01-31T00:00:00Z,2025-02-06T00:00:00Z,FALSE,NA,218119,1102,rv,NA,rv,FALSE,2025-04-28 19:59:37 UTC,2025-04-28 19:59:37 UTC,NA,https://static1.squarespace.com/static/61ae8d5e55be5c7314b4c83a/t/67aa57a7976e415c4d212706/1739216809584/Clarity+Omnibus+Overview+-+Jan_Feb+2025.pdf,NA,https://static1.squarespace.com/static/61ae8d5e55be5c7314b4c83a/t/67aa57a7976e415c4d212706/1739216809584/Clarity+Omnibus+Overview+-+Jan_Feb+2025.pdf,NA,16444,2026,U.S. House,Generic Ballot,2026-11-03T00:00:00Z,general,45,44
89565,1895,Quantus Insights,2184,TrendingPolitics,NA,NA,NA,Quantus Insights,Online Opt-In Panel,NA,2025-02-10T00:00:00Z,2025-02-12T00:00:00Z,FALSE,REP,218242,1000,rv,NA,rv,FALSE,2025-04-28 19:59:51 UTC,2025-04-28 19:59:51 UTC,NA,https://quantusinsights.org/f/quantus-insights-latest-national-survey---february-13-2025,https://quantusinsights.org/f/quantus-insights-latest-national-survey---february-13-2025,NA,https://drive.google.com/file/d/1-pk16PtnxiN4kD3j8RAfO75MvGBdSK5c/view,16444,2026,U.S. House,Generic Ballot,2026-11-03T00:00:00Z,general,44,48
89566,1302,Echelon Insights,NA,NA,NA,NA,NA,Echelon Insights,Online Opt-In Panel,NA,2025-02-10T00:00:00Z,2025-02-13T00:00:00Z,FALSE,NA,218247,1010,lv,NA,lv,FALSE,2025-04-28 19:59:51 UTC,2025-04-28 19:59:51 UTC,NA,https://echeloninsights.com/in-the-news/feb-2025-verified-voter-omnibus-2-2/,https://echeloninsights.com/in-the-news/feb-2025-verified-voter-omnibus-2-2/,NA,https://view.officeapps.live.com/op/view.aspx?src=https%3A%2F%2Fechelonin.wpenginepowered.com%2Fwp-content%2Fuploads%2FFebruary-2025-Voter-Omnibus-Crosstabs-External.xlsx&wdOrigin=BROWSELINK,16444,2026,U.S. House,Generic Ballot,2026-11-03T00:00:00Z,general,46,47
89766,294,McLaughlin,114,U.S. Chamber of Commerce,NA,NA,NA,McLaughlin & Associates,Online Opt-In Panel,NA,2025-02-13T00:00:00Z,2025-02-17T00:00:00Z,FALSE,REP,219131,1600,lv,NA,lv,FALSE,2025-05-01 17:57:06 UTC,2025-05-01 17:57:06 UTC,NA,https://www.uschamber.com/assets/documents/USCC_National-Tax-Survey_Deck_Feb-2025.pdf,https://www.uschamber.com/assets/documents/USCC_National-Tax-Survey_Deck_Feb-2025.pdf,NA,NA,16444,2026,U.S. House,Generic Ballot,2026-11-03T00:00:00Z,general,43,47
89596,1497,co/efficient,NA,NA,NA,NA,NA,co/efficient,NA,NA,2025-02-15T00:00:00Z,2025-02-17T00:00:00Z,FALSE,REP,218564,2063,lv,NA,lv,FALSE,2025-04-28 20:04:09 UTC,2025-04-28 20:04:09 UTC,NA,https://coefficient.org/doge-part-2/,NA,https://coefficient.org/doge-part-2/,NA,16444,2026,U.S. House,Generic Ballot,2026-11-03T00:00:00Z,general,44,46
89590,294,McLaughlin,NA,NA,NA,NA,NA,McLaughlin & Associates,Online Opt-In Panel,NA,2025-02-11T00:00:00Z,2025-02-18T00:00:00Z,FALSE,NA,218441,1000,lv,NA,lv,FALSE,2025-04-28 20:03:47 UTC,2025-04-28 20:03:47 UTC,NA,https://mclaughlinonline.com/pols/wp-content/uploads/2025/02/National-February-Presentation-RELEASE-02-18-25.pdf,NA,NA,https://mclaughlinonline.com/pols/wp-content/uploads/2025/02/National-February-Presentation-RELEASE-02-18-25.pdf,16444,2026,U.S. House,Generic Ballot,2026-11-03T00:00:00Z,general,41,48
89579,568,YouGov,352,The Economist,NA,NA,NA,YouGov,Online Matched Sample,NA,2025-02-16T00:00:00Z,2025-02-18T00:00:00Z,FALSE,NA,218440,1451,rv,NA,rv,FALSE,2025-04-28 20:03:47 UTC,2025-04-28 20:03:47 UTC,NA,https://d3nkl3psvxxpe9.cloudfront.net/documents/econTabReport_OFVhPxp.pdf,NA,NA,https://d3nkl3psvxxpe9.cloudfront.net/documents/econTabReport_OFVhPxp.pdf,16444,2026,U.S. House,Generic Ballot,2026-11-03T00:00:00Z,general,42,41
89579,568,YouGov,352,The Economist,NA,NA,NA,YouGov,Online Matched Sample,NA,2025-02-16T00:00:00Z,2025-02-18T00:00:00Z,FALSE,NA,218439,1603,a,NA,a,FALSE,2025-04-28 20:03:47 UTC,2025-04-28 20:03:47 UTC,NA,https://d3nkl3psvxxpe9.cloudfront.net/documents/econtoplines_KfNmvTk.pdf,NA,https://d3nkl3psvxxpe9.cloudfront.net/documents/econtoplines_KfNmvTk.pdf,https://d3nkl3psvxxpe9.cloudfront.net/documents/econTabReport_OFVhPxp.pdf,16444,2026,U.S. House,Generic Ballot,2026-11-03T00:00:00Z,general,35,37
89604,1554,RMG Research,2178,Napolitan Institute,NA,NA,NA,RMG Research,NA,NA,2025-02-20T00:00:00Z,2025-02-21T00:00:00Z,FALSE,NA,218572,1000,rv,NA,rv,FALSE,2025-04-28 20:04:10 UTC,2025-04-28 20:04:10 UTC,NA,https://x.com/ScottWRasmussen/status/1894720317291114920,NA,https://x.com/ScottWRasmussen/status/1894720317291114920,NA,16444,2026,U.S. House,Generic Ballot,2026-11-03T00:00:00Z,general,46,48
89658,379,Public Opinion Strategies,2255,Paragon Health Institute,NA,NA,NA,Public Opinion Strategies,Live Phone,NA,2025-02-25T00:00:00Z,2025-03-02T00:00:00Z,FALSE,NA,219137,1000,rv,NA,rv,FALSE,2025-05-01 17:57:37 UTC,2025-05-01 17:57:37 UTC,NA,https://paragoninstitute.org/medicaid/paragon-health-policy-survey-2025/,NA,https://paragoninstitute.org/medicaid/paragon-health-policy-survey-2025/,NA,16444,2026,U.S. House,Generic Ballot,2026-11-03T00:00:00Z,general,44,46
89624,1102,Emerson,NA,NA,NA,NA,NA,Emerson College,Online Opt-In Panel/Email,NA,2025-03-02T00:00:00Z,2025-03-03T00:00:00Z,FALSE,NA,218732,1000,rv,NA,rv,FALSE,2025-04-28 20:04:24 UTC,2025-04-28 20:04:24 UTC,NA,https://emersoncollegepolling.com/march-2025-national-poll/,https://emersoncollegepolling.com/march-2025-national-poll/,NA,https://docs.google.com/spreadsheets/d/1-mJKBNLJeEGp_7ZSBNwUmlDnH3SawgDJ/edit?gid=1263081245#gid=1263081245,16444,2026,U.S. House,Generic Ballot,2026-11-03T00:00:00Z,general,44.4,41.4
89646,1347,Cygnal,NA,NA,NA,NA,NA,Cygnal,NA,NA,2025-03-03T00:00:00Z,2025-03-05T00:00:00Z,FALSE,NA,219134,1500,lv,NA,lv,FALSE,2025-05-01 17:57:12 UTC,2025-05-01 17:57:12 UTC,NA,https://www.cygn.al/poll-48-percent-support-trump-negotiating-settlement-to-war-in-ukraine-as-optimism-at-home-rises/,https://www.cygn.al/poll-48-percent-support-trump-negotiating-settlement-to-war-in-ukraine-as-optimism-at-home-rises/,NA,https://www.cygn.al/wp-content/uploads/2025/03/22915-Cygnal-National-NVT-Mar25-Deck-Public.pdf,16444,2026,U.S. House,Generic Ballot,2026-11-03T00:00:00Z,general,47.4,45.9
89643,294,McLaughlin,1989,America's New Majority Project,NA,NA,NA,McLaughlin & Associates,Online Opt-In Panel,NA,2025-03-04T00:00:00Z,2025-03-07T00:00:00Z,FALSE,REP,219132,2000,rv,NA,rv,FALSE,2025-05-01 17:57:08 UTC,2025-05-01 17:57:08 UTC,NA,https://americasnewmajorityproject.com/most-americans-support-trumps-maha-agenda/,https://americasnewmajorityproject.com/most-americans-support-trumps-maha-agenda/,https://americasnewmajorityproject.com/wp-content/uploads/2025/03/20250307-NationalANMP-Topline.pdf,https://americasnewmajorityproject.com/wp-content/uploads/2025/03/20250307-NationalANMP-Tabs.pdf,16444,2026,U.S. House,Generic Ballot,2026-11-03T00:00:00Z,general,43.7,45.7
89643,294,McLaughlin,1989,America's New Majority Project,NA,NA,NA,McLaughlin & Associates,Online Opt-In Panel,NA,2025-03-04T00:00:00Z,2025-03-07T00:00:00Z,FALSE,REP,219273,1655,lv,NA,lv,FALSE,2025-05-02 14:11:17 UTC,2025-05-02 14:11:17 UTC,NA,https://americasnewmajorityproject.com/most-americans-support-trumps-maha-agenda/,https://americasnewmajorityproject.com/most-americans-support-trumps-maha-agenda/,https://americasnewmajorityproject.com/wp-content/uploads/2025/03/20250307-NationalANMP-Topline.pdf,https://americasnewmajorityproject.com/wp-content/uploads/2025/03/20250307-NationalANMP-Tabs.pdf,16444,2026,U.S. House,Generic Ballot,2026-11-03T00:00:00Z,general,45.1,47.8
89644,921,Clarity,NA,NA,NA,NA,NA,Clarity Campaign Labs,Online Opt-In Panel,NA,2025-03-03T00:00:00Z,2025-03-09T00:00:00Z,FALSE,NA,219133,1036,rv,NA,rv,FALSE,2025-05-01 17:57:10 UTC,2025-05-01 17:57:10 UTC,NA,https://static1.squarespace.com/static/61ae8d5e55be5c7314b4c83a/t/67d0921f11ba8d57a17670a9/1741722147070/Clarity+Omnibus+Overview+-+March+2025+PUBLIC.pdf,NA,https://static1.squarespace.com/static/61ae8d5e55be5c7314b4c83a/t/67d0921f11ba8d57a17670a9/1741722147070/Clarity+Omnibus+Overview+-+March+2025+PUBLIC.pdf,NA,16444,2026,U.S. House,Generic Ballot,2026-11-03T00:00:00Z,general,46,44
89653,1292,Hart/POS,132,NBC News,NA,NA,NA,Hart Research Associates/Public Opinion Strategies,Live Phone/Text-to-Web,NA,2025-03-07T00:00:00Z,2025-03-11T00:00:00Z,FALSE,NA,219136,1000,rv,NA,rv,FALSE,2025-05-01 17:57:16 UTC,2025-05-01 17:57:16 UTC,NA,https://www.nbcnews.com/politics/politics-news/democratic-party-hits-new-polling-low-voters-want-fight-trump-harder-rcna196161,https://www.nbcnews.com/politics/politics-news/democratic-party-hits-new-polling-low-voters-want-fight-trump-harder-rcna196161,https://s3.documentcloud.org/documents/25569109/nbc-march-2025-poll-3-16-2025-release.pdf,NA,16444,2026,U.S. House,Generic Ballot,2026-11-03T00:00:00Z,general,48,47
89651,1302,Echelon Insights,NA,NA,NA,NA,NA,Echelon Insights,Online Opt-In Panel,NA,2025-03-10T00:00:00Z,2025-03-13T00:00:00Z,FALSE,NA,219135,1007,lv,NA,lv,FALSE,2025-05-01 17:57:14 UTC,2025-05-01 17:57:14 UTC,NA,https://echeloninsights.com/in-the-news/march-2025-verified-voter-omnibus-2-2-2/,https://echeloninsights.com/in-the-news/march-2025-verified-voter-omnibus-2-2-2/,https://echelonin.wpenginepowered.com/wp-content/uploads/March-2025-Voter-Omnibus-Topline-External.pdf,NA,16444,2026,U.S. House,Generic Ballot,2026-11-03T00:00:00Z,general,46,47
89821,1107,"Normington, Petts & Associates",543,Third Way,NA,NA,NA,"Normington, Petts & Associates",NA,NA,2025-03-12T00:00:00Z,2025-03-19T00:00:00Z,FALSE,NA,219302,800,lv,NA,lv,FALSE,2025-05-07 13:32:10 UTC,2025-05-07 13:32:10 UTC,NA,https://www.thirdway.org/polling/democrats-immigration-opportunity,https://www.thirdway.org/polling/democrats-immigration-opportunity,https://thirdway.imgix.net/downloads/democrats-immigration-opportunity/Third-Way-and-Normington-Petts-National-Immigration-Survey-Toplines.pdf,NA,16444,2026,U.S. House,Generic Ballot,2026-11-03T00:00:00Z,general,50,50
89672,1895,Quantus Insights,2184,TrendingPolitics,NA,NA,NA,Quantus Insights,Online Opt-In Panel,NA,2025-03-25T00:00:00Z,2025-03-27T00:00:00Z,FALSE,REP,219138,1000,rv,NA,rv,FALSE,2025-05-01 17:57:39 UTC,2025-05-01 17:57:39 UTC,NA,https://quantusinsights.org/f/trump%E2%80%99s-standing-steadies-but-crosscurrents-remain-ahead-of-2026,https://quantusinsights.org/f/trump%E2%80%99s-standing-steadies-but-crosscurrents-remain-ahead-of-2026,NA,https://drive.google.com/file/d/1Q9R845rp9FcIcFyLLoyhA_zVGHBI7vXm/view,16444,2026,U.S. House,Generic Ballot,2026-11-03T00:00:00Z,general,45.4,46.3
89685,1699,Fabrizio/Impact,276,The Wall Street Journal,NA,NA,NA,"Fabrizio, Lee & Associates/Impact Research",Live Phone/Text-to-Web,NA,2025-03-27T00:00:00Z,2025-04-01T00:00:00Z,FALSE,NA,219139,1500,rv,NA,rv,FALSE,2025-05-01 17:57:41 UTC,2025-05-01 17:57:41 UTC,NA,https://www.wsj.com/politics/policy/trump-foreign-policy-approval-voters-poll-c0c29dd0,https://www.wsj.com/politics/policy/trump-foreign-policy-approval-voters-poll-c0c29dd0,https://prod-i.a.dj.com/public/resources/documents/March_2025_WSJPoll.pdf,NA,16444,2026,U.S. House,Generic Ballot,2026-11-03T00:00:00Z,general,44,43
89744,1903,Yale Youth Poll,NA,NA,NA,NA,NA,Yale University Institution for Social and Policy Studies,Online Opt-In Panel,NA,2025-04-01T00:00:00Z,2025-04-03T00:00:00Z,FALSE,NA,219144,4100,rv,NA,rv,FALSE,2025-05-01 17:57:52 UTC,2025-05-01 17:57:52 UTC,NA,https://youthpoll.yale.edu/spring-2025-results,https://youthpoll.yale.edu/spring-2025-results,https://docs.google.com/spreadsheets/d/1JhSWPVcKK6tdufsa52TeRk3JRwSsgtglVQP1ZAa8fg4/edit?gid=856853932#gid=856853932,NA,16444,2026,U.S. House,Generic Ballot,2026-11-03T00:00:00Z,general,43.3,41.7
89689,1347,Cygnal,NA,NA,NA,NA,NA,Cygnal,NA,NA,2025-04-01T00:00:00Z,2025-04-03T00:00:00Z,FALSE,NA,219140,1500,lv,NA,lv,FALSE,2025-05-01 17:57:43 UTC,2025-05-01 17:57:43 UTC,NA,https://www.cygn.al/poll-democrats-continue-to-struggle-as-trump-maintains-strong-approval-even-in-light-of-tariffs/,https://www.cygn.al/poll-democrats-continue-to-struggle-as-trump-maintains-strong-approval-even-in-light-of-tariffs/,NA,https://www.cygn.al/wp-content/uploads/2025/04/22974-Cygnal-National-NVT-Apr25-Deck-Public.pdf,16444,2026,U.S. House,Generic Ballot,2026-11-03T00:00:00Z,general,47.5,46.5
89690,568,YouGov,352,The Economist,NA,NA,NA,YouGov,Online Matched Sample,NA,2025-04-05T00:00:00Z,2025-04-08T00:00:00Z,FALSE,NA,219142,1558,rv,NA,rv,FALSE,2025-05-01 17:57:47 UTC,2025-05-01 17:57:47 UTC,NA,https://d3nkl3psvxxpe9.cloudfront.net/documents/econtoplines_Emo4hnf.pdf,NA,https://d3nkl3psvxxpe9.cloudfront.net/documents/econtoplines_Emo4hnf.pdf,https://d3nkl3psvxxpe9.cloudfront.net/documents/econTabReport_pXJ0PxA.pdf,16444,2026,U.S. House,Generic Ballot,2026-11-03T00:00:00Z,general,43,42
89690,568,YouGov,352,The Economist,NA,NA,NA,YouGov,Online Matched Sample,NA,2025-04-05T00:00:00Z,2025-04-08T00:00:00Z,FALSE,NA,219141,1741,a,NA,a,FALSE,2025-05-01 17:57:45 UTC,2025-05-01 17:57:45 UTC,NA,https://d3nkl3psvxxpe9.cloudfront.net/documents/econtoplines_Emo4hnf.pdf,NA,https://d3nkl3psvxxpe9.cloudfront.net/documents/econtoplines_Emo4hnf.pdf,https://d3nkl3psvxxpe9.cloudfront.net/documents/econTabReport_pXJ0PxA.pdf,16444,2026,U.S. House,Generic Ballot,2026-11-03T00:00:00Z,general,39,36
90094,552,Winston,1312,Winning the Issues,NA,NA,NA,The Winston Group,NA,NA,2025-04-08T00:00:00Z,2025-04-10T00:00:00Z,FALSE,REP,221306,1000,rv,NA,rv,FALSE,2025-07-11 21:55:28 UTC,2025-07-11 21:55:28 UTC,NA,https://www.winningtheissues.org/2025/04/30/winning-the-issues-april-2025-national-survey/,https://www.winningtheissues.org/2025/04/30/winning-the-issues-april-2025-national-survey/,https://www.winningtheissues.org/wp-content/uploads/2025/07/Winning-the-Issues-April-2025-National-Survey.pdf,NA,16444,2026,U.S. House,Generic Ballot,2026-11-03T00:00:00Z,general,46,44
89712,1524,RealClear Opinion Research,NA,NA,NA,NA,NA,RealClear Opinion Research,NA,NA,2025-04-10T00:00:00Z,2025-04-12T00:00:00Z,FALSE,NA,219147,1000,rv,NA,rv,FALSE,2025-05-01 17:57:58 UTC,2025-05-01 17:57:58 UTC,NA,https://www.realclearpolitics.com/articles/2025/04/18/rcp_poll_voters_see_campus_bias_reject_trumps_tariff_pitch_152678.html,https://www.realclearpolitics.com/articles/2025/04/18/rcp_poll_voters_see_campus_bias_reject_trumps_tariff_pitch_152678.html,https://www.realclearpolitics.com/docs/2025/RCOR_April_2025_Poll_Findings_and_Data.pdf,NA,16444,2026,U.S. House,Generic Ballot,2026-11-03T00:00:00Z,general,39.8,39.2
89706,1292,Hart/POS,576,CNBC,NA,NA,NA,Hart Research Associates/Public Opinion Strategies,NA,NA,2025-04-09T00:00:00Z,2025-04-13T00:00:00Z,FALSE,NA,219145,1000,a,NA,a,FALSE,2025-05-01 17:57:54 UTC,2025-05-01 17:57:54 UTC,NA,https://www.cnbc.com/video/2025/04/17/tariffs-weight-on-trump-approval-cnbc-survey-finds.html,https://www.cnbc.com/video/2025/04/17/tariffs-weight-on-trump-approval-cnbc-survey-finds.html,https://pos.org/wp-content/uploads/2025/04/250084-CNBC-AAES-Q1-2025-Topline.pdf,NA,16444,2026,U.S. House,Generic Ballot,2026-11-03T00:00:00Z,general,48,46
89707,921,Clarity,NA,NA,NA,NA,NA,Clarity Campaign Labs,Online Opt-In Panel,NA,2025-04-09T00:00:00Z,2025-04-14T00:00:00Z,FALSE,NA,219146,1008,rv,NA,rv,FALSE,2025-05-01 17:57:56 UTC,2025-05-01 17:57:56 UTC,NA,https://45840940.fs1.hubspotusercontent-na1.net/hubfs/45840940/Clarity%20Omnibus%20Overview_April%202025.pdf,NA,https://45840940.fs1.hubspotusercontent-na1.net/hubfs/45840940/Clarity%20Omnibus%20Overview_April%202025.pdf,NA,16444,2026,U.S. House,Generic Ballot,2026-11-03T00:00:00Z,general,44,45
89702,1302,Echelon Insights,NA,NA,NA,NA,NA,Echelon Insights,Online Opt-In Panel,NA,2025-04-10T00:00:00Z,2025-04-14T00:00:00Z,FALSE,NA,219143,1014,lv,NA,lv,FALSE,2025-05-01 17:57:49 UTC,2025-05-01 17:57:49 UTC,NA,https://echeloninsights.com/in-the-news/april-2025-verified-voter-omnibus-2-2-2-2/,https://echeloninsights.com/in-the-news/april-2025-verified-voter-omnibus-2-2-2-2/,https://echelonin.wpenginepowered.com/wp-content/uploads/April-2025-Voter-Omnibus-Topline-External.pdf,NA,16444,2026,U.S. House,Generic Ballot,2026-11-03T00:00:00Z,general,47,47
89745,1554,RMG Research,2178,Napolitan Institute,NA,NA,NA,RMG Research,Online Opt-In Panel,NA,2025-04-16T00:00:00Z,2025-04-16T00:00:00Z,FALSE,NA,219148,1000,rv,NA,rv,FALSE,2025-05-01 17:58:00 UTC,2025-05-01 17:58:00 UTC,NA,https://napolitannews.org/posts/democrats-make-huge-gains-on-generic-ballot,https://napolitannews.org/posts/democrats-make-huge-gains-on-generic-ballot,NA,NA,16444,2026,U.S. House,Generic Ballot,2026-11-03T00:00:00Z,general,50,45
89719,1800,Noble Predictive Insights,2013,The Center Square,NA,NA,NA,Noble Predictive Insights,Online Opt-In Panel/Text-to-Web,NA,2025-04-15T00:00:00Z,2025-04-18T00:00:00Z,FALSE,NA,219149,2527,rv,NA,rv,FALSE,2025-05-01 17:58:02 UTC,2025-05-01 17:58:02 UTC,NA,https://www.thecentersquare.com/polls/,https://www.thecentersquare.com/polls/,NA,https://bloximages.newyork1.vip.townnews.com/thecentersquare.com/content/tncms/assets/v3/editorial/4/1f/41f50a5a-e1f1-42f9-a450-525eec838a6d/680a44685a7c8.pdf.pdf,16444,2026,U.S. House,Generic Ballot,2026-11-03T00:00:00Z,general,45,42
89723,294,McLaughlin,1989,America's New Majority Project,NA,NA,NA,McLaughlin & Associates,Online Opt-In Panel,NA,2025-04-16T00:00:00Z,2025-04-19T00:00:00Z,FALSE,REP,219151,1638,lv,NA,lv,FALSE,2025-05-01 17:58:07 UTC,2025-05-01 17:58:07 UTC,NA,https://americasnewmajorityproject.com/most-support-blocking-states-from-giving-medicaid-to-illegal-immigrants/,https://americasnewmajorityproject.com/most-support-blocking-states-from-giving-medicaid-to-illegal-immigrants/,https://americasnewmajorityproject.com/wp-content/uploads/2025/04/20250419-NationalANMP-Topline.pdf,https://americasnewmajorityproject.com/wp-content/uploads/2025/04/20250419-NationalANMP-Tabs.pdf,16444,2026,U.S. House,Generic Ballot,2026-11-03T00:00:00Z,general,45.7,47.1
89723,294,McLaughlin,1989,America's New Majority Project,NA,NA,NA,McLaughlin & Associates,Online Opt-In Panel,NA,2025-04-16T00:00:00Z,2025-04-19T00:00:00Z,FALSE,REP,219150,2000,rv,NA,rv,FALSE,2025-05-01 17:58:05 UTC,2025-05-01 17:58:05 UTC,NA,https://americasnewmajorityproject.com/most-support-blocking-states-from-giving-medicaid-to-illegal-immigrants/,https://americasnewmajorityproject.com/most-support-blocking-states-from-giving-medicaid-to-illegal-immigrants/,https://americasnewmajorityproject.com/wp-content/uploads/2025/04/20250419-NationalANMP-Topline.pdf,https://americasnewmajorityproject.com/wp-content/uploads/2025/04/20250419-NationalANMP-Tabs.pdf,16444,2026,U.S. House,Generic Ballot,2026-11-03T00:00:00Z,general,44.5,44.3
89718,1597,Beacon/Shaw,149,Fox News,NA,NA,NA,Beacon Research/Shaw & Co. Research,Live Phone/Text-to-Web,NA,2025-04-18T00:00:00Z,2025-04-21T00:00:00Z,FALSE,NA,219153,1104,rv,NA,rv,FALSE,2025-05-01 17:58:11 UTC,2025-05-01 17:58:11 UTC,NA,https://www.foxnews.com/official-polls/fox-news-poll-democrats-favorability-hits-new-low-still-favored-over-gop-2026-midterms,https://www.foxnews.com/official-polls/fox-news-poll-democrats-favorability-hits-new-low-still-favored-over-gop-2026-midterms,https://static.foxnews.com/foxnews.com/content/uploads/2025/04/fox_april-18-21-2025_complete_national_topline_april-25-release.pdf,https://static.foxnews.com/foxnews.com/content/uploads/2025/04/fox_april-18-21-2025_complete_national_cross-tabs_april-25-release.pdf,16444,2026,U.S. House,Generic Ballot,2026-11-03T00:00:00Z,general,49,42
89725,1424,Siena/NYT,NA,NA,NA,NA,NA,The New York Times/Siena College,IVR/Live Phone,NA,2025-04-21T00:00:00Z,2025-04-24T00:00:00Z,FALSE,NA,219152,913,rv,NA,rv,FALSE,2025-05-01 17:58:09 UTC,2025-05-01 17:58:09 UTC,NA,https://www.nytimes.com/2025/04/25/us/politics/trump-poll-approval.html,https://www.nytimes.com/2025/04/25/us/politics/trump-poll-approval.html,https://www.nytimes.com/interactive/2025/04/25/us/elections/times-siena-poll-toplines.html,https://www.nytimes.com/interactive/2025/04/25/us/elections/times-siena-poll-crosstabs.html,16444,2026,U.S. House,Generic Ballot,2026-11-03T00:00:00Z,general,47,44
89762,1701,NewsNation/Decision Desk HQ,NA,NA,NA,NA,NA,NewsNation,Online Opt-In Panel,NA,2025-04-23T00:00:00Z,2025-04-27T00:00:00Z,FALSE,NA,219154,1448,rv,NA,rv,FALSE,2025-05-01 17:58:33 UTC,2025-05-01 17:58:33 UTC,NA,https://www.newsnationnow.com/politics/recession-inflation-immigration-ddhq-poll/,https://www.newsnationnow.com/politics/recession-inflation-immigration-ddhq-poll/,NA,https://nexstartv-my.sharepoint.com/:x:/g/personal/mhobe_nexstar_tv/Ed_IQP-AattKq1IhfspZkKUB_j3G-vcd-JiJJksGOx_TLQ?rtime=xPSDEL6I3Ug,16444,2026,U.S. House,Generic Ballot,2026-11-03T00:00:00Z,general,45,40
89825,294,McLaughlin,NA,NA,NA,NA,NA,McLaughlin & Associates,Online Opt-In Panel,NA,2025-04-22T00:00:00Z,2025-04-29T00:00:00Z,FALSE,NA,219310,1000,lv,NA,lv,FALSE,2025-05-09 14:28:19 UTC,2025-05-09 14:28:19 UTC,NA,https://mclaughlinonline.com/pols/wp-content/uploads/2025/05/National-April-Presentation-RELEASE-04-29-25.pdf,NA,NA,https://mclaughlinonline.com/pols/wp-content/uploads/2025/05/National-April-Presentation-RELEASE-04-29-25.pdf,16444,2026,U.S. House,Generic Ballot,2026-11-03T00:00:00Z,general,43,45
89819,1873,Big Data Poll,2133,Public Polling Project,NA,NA,NA,Big Data Poll,Live Phone/Online Opt-In Panel/Text-to-Web/Text,NA,2025-05-03T00:00:00Z,2025-05-05T00:00:00Z,FALSE,NA,219291,3128,rv,NA,rv,FALSE,2025-05-06 13:52:58 UTC,2025-05-06 13:52:58 UTC,NA,https://www.bigdatapoll.com/blog/poll-trump-approval-tempered-by-economic-concerns/,https://www.bigdatapoll.com/blog/poll-trump-approval-tempered-by-economic-concerns/,NA,https://application.marketsight.com/app/ItemView.aspx?SharedFor=public%40bigdatapoll.com&SharedBy=34090&id=ed392432-25f1-4ed1-b675-b2d40178ef48,16444,2026,U.S. House,Generic Ballot,2026-11-03T00:00:00Z,general,40.2,42.3
89882,1805,Verasight,2265,Strength In Numbers,NA,NA,NA,Verasight,Text/Online Ad/Email,NA,2025-05-01T00:00:00Z,2025-05-06T00:00:00Z,FALSE,NA,219395,1000,a,NA,a,FALSE,2025-05-14 13:45:59 UTC,2025-05-14 13:45:59 UTC,NA,https://www.gelliottmorris.com/p/new-poll-americans-oppose-trumps,https://www.gelliottmorris.com/p/new-poll-americans-oppose-trumps,NA,NA,16444,2026,U.S. House,Generic Ballot,2026-11-03T00:00:00Z,general,47,41
89828,1895,Quantus Insights,2184,TrendingPolitics,NA,NA,NA,Quantus Insights,Online Opt-In Panel/Text-to-Web,NA,2025-05-05T00:00:00Z,2025-05-07T00:00:00Z,FALSE,REP,219316,1000,rv,NA,rv,FALSE,2025-05-09 20:38:02 UTC,2025-05-09 20:38:02 UTC,NA,https://quantusinsights.org/f/the-nation-divided-the-president-holding-ground,https://quantusinsights.org/f/the-nation-divided-the-president-holding-ground,NA,https://drive.google.com/file/d/1LYTAPAsIBBz_BShqyN4ZeZsQkDlLzbZM/view,16444,2026,U.S. House,Generic Ballot,2026-11-03T00:00:00Z,general,45.2,44.8
89881,1347,Cygnal,NA,NA,NA,NA,NA,Cygnal,NA,NA,2025-05-06T00:00:00Z,2025-05-08T00:00:00Z,FALSE,NA,219394,1500,lv,NA,lv,FALSE,2025-05-14 13:45:32 UTC,2025-05-14 13:45:32 UTC,NA,https://www.cygn.al/poll-aoc-more-popular-than-schumer-trump-image-improving-republicans-decimating-democrats-on-key-issue-trust-and-more/,https://www.cygn.al/poll-aoc-more-popular-than-schumer-trump-image-improving-republicans-decimating-democrats-on-key-issue-trust-and-more/,https://www.cygn.al/wp-content/uploads/2025/05/23020-Cygnal-National-May25-NVT-Deck-Public-1.pdf,NA,16444,2026,U.S. House,Generic Ballot,2026-11-03T00:00:00Z,general,47.1,46.6
89884,1497,co/efficient,NA,NA,NA,NA,NA,co/efficient,NA,NA,2025-05-07T00:00:00Z,2025-05-09T00:00:00Z,FALSE,REP,219403,1462,lv,NA,lv,FALSE,2025-05-14 17:48:14 UTC,2025-05-14 17:48:14 UTC,NA,https://coefficient.org/national-approval-study/,https://coefficient.org/national-approval-study/,NA,NA,16444,2026,U.S. House,Generic Ballot,2026-11-03T00:00:00Z,general,45,42
89875,1302,Echelon Insights,NA,NA,NA,NA,NA,Echelon Insights,Online Opt-In Panel,NA,2025-05-08T00:00:00Z,2025-05-12T00:00:00Z,FALSE,NA,219377,1000,lv,NA,lv,FALSE,2025-05-12 21:48:25 UTC,2025-05-12 21:48:25 UTC,NA,https://echeloninsights.com/in-the-news/may-2025-verified-voter-omnibus-2-2-2-2-2/,https://echeloninsights.com/in-the-news/may-2025-verified-voter-omnibus-2-2-2-2-2/,https://echelonin.wpenginepowered.com/wp-content/uploads/May-2025-Voter-Omnibus-Topline-External.pdf,NA,16444,2026,U.S. House,Generic Ballot,2026-11-03T00:00:00Z,general,47,48
90035,1503,Fabrizio Ward,2182,Pinpoint Policy Institute,NA,NA,NA,Fabrizio Ward,Text-to-Web,NA,2025-05-15T00:00:00Z,2025-05-19T00:00:00Z,FALSE,NA,219660,800,rv,NA,rv,FALSE,2025-06-02 19:50:15 UTC,2025-06-02 19:50:15 UTC,NA,https://pinpointpolicyinstitute.org/pinpoint-policy-institute-quarterly-economic-tracking-poll/,https://pinpointpolicyinstitute.org/pinpoint-policy-institute-quarterly-economic-tracking-poll/,https://pinpointpolicyinstitute.org/wp-content/uploads/2025/06/National-Spring-Quarterly-Tracking-Memo-6-2-25-1.pdf,NA,16444,2026,U.S. House,Generic Ballot,2026-11-03T00:00:00Z,general,42,42
90014,1554,RMG Research,2178,Napolitan Institute,NA,NA,NA,RMG Research,Online Opt-In Panel,NA,2025-05-20T00:00:00Z,2025-05-21T00:00:00Z,FALSE,NA,219587,1000,rv,NA,rv,FALSE,2025-05-27 17:42:02 UTC,2025-05-27 17:42:02 UTC,NA,https://napolitannews.org/posts/generic-ballot-gop-43-percent-dem-43,https://napolitannews.org/posts/generic-ballot-gop-43-percent-dem-43,NA,NA,16444,2026,U.S. House,Generic Ballot,2026-11-03T00:00:00Z,general,48,45
90022,294,McLaughlin,NA,NA,NA,NA,NA,McLaughlin & Associates,Online Opt-In Panel,NA,2025-05-21T00:00:00Z,2025-05-26T00:00:00Z,FALSE,NA,219637,1000,lv,NA,lv,FALSE,2025-05-29 18:05:18 UTC,2025-05-29 18:05:18 UTC,NA,https://mclaughlinonline.com/pols/wp-content/uploads/2025/05/National-May-Presentation-RELEASE-05-27-25.pdf,NA,NA,https://mclaughlinonline.com/pols/wp-content/uploads/2025/05/National-May-Presentation-RELEASE-05-27-25.pdf,16444,2026,U.S. House,Generic Ballot,2026-11-03T00:00:00Z,general,43,47
90030,1528,AtlasIntel,NA,NA,NA,NA,NA,AtlasIntel,Online Ad,NA,2025-05-21T00:00:00Z,2025-05-27T00:00:00Z,FALSE,NA,219652,3469,a,NA,a,FALSE,2025-05-30 18:32:05 UTC,2025-05-30 18:32:05 UTC,NA,https://cdn.atlasintel.org/20c89f8f-d65e-4991-a491-388ae96986c9.pdf,NA,NA,https://cdn.atlasintel.org/20c89f8f-d65e-4991-a491-388ae96986c9.pdf,16444,2026,U.S. House,Generic Ballot,2026-11-03T00:00:00Z,general,50.9,41.7
90039,568,YouGov,352,The Economist,NA,NA,NA,YouGov,Online Matched Sample,NA,2025-05-30T00:00:00Z,2025-06-02T00:00:00Z,FALSE,NA,219670,1436,rv,NA,rv,FALSE,2025-06-03 13:32:03 UTC,2025-06-03 13:32:03 UTC,NA,https://d3nkl3psvxxpe9.cloudfront.net/documents/econtoplines_uOptfZ9.pdf,NA,https://d3nkl3psvxxpe9.cloudfront.net/documents/econtoplines_uOptfZ9.pdf,https://d3nkl3psvxxpe9.cloudfront.net/documents/econTabReport_MV984ah.pdf,16444,2026,U.S. House,Generic Ballot,2026-11-03T00:00:00Z,general,44,42
90039,568,YouGov,352,The Economist,NA,NA,NA,YouGov,Online Matched Sample,NA,2025-05-30T00:00:00Z,2025-06-02T00:00:00Z,FALSE,NA,219669,1610,a,NA,a,FALSE,2025-06-03 13:32:00 UTC,2025-06-03 13:32:00 UTC,NA,https://d3nkl3psvxxpe9.cloudfront.net/documents/econtoplines_uOptfZ9.pdf,NA,https://d3nkl3psvxxpe9.cloudfront.net/documents/econtoplines_uOptfZ9.pdf,https://d3nkl3psvxxpe9.cloudfront.net/documents/econTabReport_MV984ah.pdf,16444,2026,U.S. House,Generic Ballot,2026-11-03T00:00:00Z,general,39,36
90056,1347,Cygnal,NA,NA,NA,NA,NA,Cygnal,NA,NA,2025-06-03T00:00:00Z,2025-06-04T00:00:00Z,FALSE,NA,219697,1500,lv,NA,lv,FALSE,2025-06-10 23:13:08 UTC,2025-06-10 23:13:08 UTC,NA,https://www.cygn.al/national-poll-record-number-say-nation-is-on-right-track-voters-back-trumps-one-big-beautiful-bill-for-tax-relief-and-border-security/,https://www.cygn.al/national-poll-record-number-say-nation-is-on-right-track-voters-back-trumps-one-big-beautiful-bill-for-tax-relief-and-border-security/,NA,https://www.cygn.al/wp-content/uploads/2025/06/Cygnal-National-NVT-June25-Deck.pdf,16444,2026,U.S. House,Generic Ballot,2026-11-03T00:00:00Z,general,47.2,46.9
90045,1895,Quantus Insights,2184,TrendingPolitics,NA,NA,NA,Quantus Insights,Online Opt-In Panel/Text-to-Web,NA,2025-06-01T00:00:00Z,2025-06-04T00:00:00Z,FALSE,REP,219681,1000,rv,NA,rv,FALSE,2025-06-05 16:40:33 UTC,2025-06-05 16:40:33 UTC,NA,https://quantusinsights.org/f/quantus-insights-approval-poll-the-divide-holds,https://quantusinsights.org/f/quantus-insights-approval-poll-the-divide-holds,NA,https://drive.google.com/file/d/1SFF1dEYQckjhF-RcJscsORgjYaM1hkOT/view,16444,2026,U.S. House,Generic Ballot,2026-11-03T00:00:00Z,general,46,45
90057,1624,J.L. Partners,1997,DailyMail.com,NA,NA,NA,J.L. Partners,Online Opt-In Panel,NA,2025-06-06T00:00:00Z,2025-06-06T00:00:00Z,FALSE,NA,219706,1006,rv,NA,rv,FALSE,2025-06-11 20:12:27 UTC,2025-06-11 20:12:27 UTC,NA,https://www.dailymail.co.uk/news/article-14796175/polling-donald-trump-2024-election-elon-musk.html,https://www.dailymail.co.uk/news/article-14796175/polling-donald-trump-2024-election-elon-musk.html,NA,NA,16444,2026,U.S. House,Generic Ballot,2026-11-03T00:00:00Z,general,42,35
90063,1554,RMG Research,2178,Napolitan Institute,NA,NA,NA,RMG Research,Online Opt-In Panel,NA,2025-06-09T00:00:00Z,2025-06-09T00:00:00Z,FALSE,NA,219708,1000,rv,NA,rv,FALSE,2025-06-12 01:41:23 UTC,2025-06-12 01:41:23 UTC,NA,https://napolitannews.org/posts/musk-3rd-party-would-get-8-percent-of-voters,https://napolitannews.org/posts/musk-3rd-party-would-get-8-percent-of-voters,NA,NA,16444,2026,U.S. House,Generic Ballot,2026-11-03T00:00:00Z,general,35,35
90068,1895,Quantus Insights,2184,TrendingPolitics,NA,NA,NA,Quantus Insights,Online Opt-In Panel/Text-to-Web,NA,2025-06-09T00:00:00Z,2025-06-11T00:00:00Z,FALSE,REP,219718,1000,rv,NA,rv,FALSE,2025-06-12 20:16:22 UTC,2025-06-12 20:16:22 UTC,NA,https://quantus.substack.com/p/quantus-insights-june-12-national,https://quantus.substack.com/p/quantus-insights-june-12-national,NA,https://drive.google.com/file/d/1AQ_6yT9lTlj7wLGm38j8x0vtSMtPNMcK/view,16444,2026,U.S. House,Generic Ballot,2026-11-03T00:00:00Z,general,43,43
90076,294,McLaughlin,26,Club for Growth (PAC),NA,NA,NA,McLaughlin & Associates,Online Opt-In Panel,NA,2025-06-09T00:00:00Z,2025-06-11T00:00:00Z,FALSE,REP,219733,1000,lv,NA,lv,FALSE,2025-06-16 19:25:07 UTC,2025-06-16 19:25:07 UTC,NA,https://www.clubforgrowth.org/icymi-new-cfg-poll-finds-vast-majority-of-republicans-democrats-support-school-freedom-bills/,https://www.clubforgrowth.org/icymi-new-cfg-poll-finds-vast-majority-of-republicans-democrats-support-school-freedom-bills/,https://www.clubforgrowth.org/wp-content/uploads/securepdfs/2025/06/National-CFG-Memo-06-12-25.pdf,NA,16444,2026,U.S. House,Generic Ballot,2026-11-03T00:00:00Z,general,44,46
90074,1805,Verasight,2265,Strength In Numbers,NA,NA,NA,Verasight,Text/Online Ad/Email,NA,2025-06-06T00:00:00Z,2025-06-12T00:00:00Z,FALSE,NA,219731,1500,a,NA,a,FALSE,2025-06-16 12:52:44 UTC,2025-06-16 12:52:44 UTC,NA,https://www.gelliottmorris.com/p/trump-approval-at-42-democrats-up,https://www.gelliottmorris.com/p/trump-approval-at-42-democrats-up,NA,NA,16444,2026,U.S. House,Generic Ballot,2026-11-03T00:00:00Z,general,45,37
90303,552,Winston,1312,Winning the Issues,NA,NA,NA,The Winston Group,NA,NA,2025-06-12T00:00:00Z,2025-06-14T00:00:00Z,FALSE,REP,221307,1000,rv,NA,rv,FALSE,2025-07-11 21:55:31 UTC,2025-07-11 21:55:31 UTC,NA,https://www.winningtheissues.org/2025/06/30/winning-the-issues-june-2025-national-survey/,https://www.winningtheissues.org/2025/06/30/winning-the-issues-june-2025-national-survey/,https://www.winningtheissues.org/wp-content/uploads/2025/07/Winning-the-Issues-June-2025-National-Survey.pdf,NA,16444,2026,U.S. House,Generic Ballot,2026-11-03T00:00:00Z,general,46,42
90159,921,Clarity,NA,NA,NA,NA,NA,Clarity Campaign Labs,Online Opt-In Panel,NA,2025-06-05T00:00:00Z,2025-06-14T00:00:00Z,FALSE,NA,220899,1000,rv,NA,rv,FALSE,2025-06-18 19:40:12 UTC,2025-06-18 19:40:12 UTC,NA,https://static1.squarespace.com/static/61ae8d5e55be5c7314b4c83a/t/6852fc5a3ac4c05449fc450e/1750269023826/Clarity+Omnibus+Overview+-+June+2025+%5BPUBLIC%5D.pdf,NA,https://static1.squarespace.com/static/61ae8d5e55be5c7314b4c83a/t/6852fc5a3ac4c05449fc450e/1750269023826/Clarity+Omnibus+Overview+-+June+2025+%5BPUBLIC%5D.pdf,NA,16444,2026,U.S. House,Generic Ballot,2026-11-03T00:00:00Z,general,50,45
90171,294,McLaughlin,1989,America's New Majority Project,NA,NA,NA,McLaughlin & Associates,Online Opt-In Panel,NA,2025-06-12T00:00:00Z,2025-06-15T00:00:00Z,FALSE,REP,220937,1637,lv,NA,lv,FALSE,2025-06-23 13:25:34 UTC,2025-06-23 13:25:34 UTC,NA,https://americasnewmajorityproject.com/how-to-talk-about-taxes-and-the-budget-bill-what-voters-respond-to-best/,https://americasnewmajorityproject.com/how-to-talk-about-taxes-and-the-budget-bill-what-voters-respond-to-best/,https://americasnewmajorityproject.com/wp-content/uploads/2025/06/20250615-NationalANMP-Topline.pdf,https://americasnewmajorityproject.com/wp-content/uploads/2025/06/20250615-NationalANMP-Tabs.pdf,16444,2026,U.S. House,Generic Ballot,2026-11-03T00:00:00Z,general,47.2,46.4
90161,294,McLaughlin,NA,NA,NA,NA,NA,McLaughlin & Associates,Online Opt-In Panel,NA,2025-06-10T00:00:00Z,2025-06-15T00:00:00Z,FALSE,NA,220909,1000,lv,NA,lv,FALSE,2025-06-18 20:41:18 UTC,2025-06-18 20:41:18 UTC,NA,https://mclaughlinonline.com/pols/wp-content/uploads/2025/06/National-June-Presentation-RELEASE-6-16-25.pdf,NA,https://mclaughlinonline.com/pols/wp-content/uploads/2025/06/National-June-Presentation-RELEASE-6-16-25.pdf,NA,16444,2026,U.S. House,Generic Ballot,2026-11-03T00:00:00Z,general,42,47
90171,294,McLaughlin,1989,America's New Majority Project,NA,NA,NA,McLaughlin & Associates,Online Opt-In Panel,NA,2025-06-12T00:00:00Z,2025-06-15T00:00:00Z,FALSE,REP,220936,2000,rv,NA,rv,FALSE,2025-06-23 13:25:31 UTC,2025-06-23 13:25:31 UTC,NA,https://americasnewmajorityproject.com/how-to-talk-about-taxes-and-the-budget-bill-what-voters-respond-to-best/,https://americasnewmajorityproject.com/how-to-talk-about-taxes-and-the-budget-bill-what-voters-respond-to-best/,https://americasnewmajorityproject.com/wp-content/uploads/2025/06/20250615-NationalANMP-Topline.pdf,https://americasnewmajorityproject.com/wp-content/uploads/2025/06/20250615-NationalANMP-Tabs.pdf,16444,2026,U.S. House,Generic Ballot,2026-11-03T00:00:00Z,general,45.5,44.1
90166,1497,co/efficient,NA,NA,NA,NA,NA,co/efficient,Text,NA,2025-06-12T00:00:00Z,2025-06-16T00:00:00Z,FALSE,REP,220929,1035,lv,NA,lv,FALSE,2025-06-20 13:11:16 UTC,2025-06-20 13:11:16 UTC,NA,https://coefficient.org/one-big-beautiful-bill/,https://coefficient.org/one-big-beautiful-bill/,https://coefficient.org/wp-content/uploads/2025/06/OBB-questions-and-methodology.pdf,NA,16444,2026,U.S. House,Generic Ballot,2026-11-03T00:00:00Z,general,46,46
90106,1302,Echelon Insights,NA,NA,NA,NA,NA,Echelon Insights,Online Opt-In Panel,NA,2025-06-12T00:00:00Z,2025-06-17T00:00:00Z,FALSE,NA,220836,982,lv,NA,lv,FALSE,2025-06-17 21:25:46 UTC,2025-06-17 21:25:46 UTC,NA,https://echeloninsights.com/in-the-news/june-2025-verified-voter-omnibus-2-2-2-2-2-2/,https://echeloninsights.com/in-the-news/june-2025-verified-voter-omnibus-2-2-2-2-2-2/,https://echelonin.wpenginepowered.com/wp-content/uploads/June-2025-Voter-Omnibus-Topline-EXTERNAL.pdf,NA,16444,2026,U.S. House,Generic Ballot,2026-11-03T00:00:00Z,general,47,48
90163,1302,Echelon Insights,NA,NA,NA,NA,NA,Echelon Insights,Online Opt-In Panel,NA,2025-06-17T00:00:00Z,2025-06-18T00:00:00Z,FALSE,NA,220920,1002,lv,NA,lv,FALSE,2025-06-18 23:25:17 UTC,2025-06-18 23:25:17 UTC,NA,https://echeloninsights.com/in-the-news/middle-east-update/,https://echeloninsights.com/in-the-news/middle-east-update/,https://echelonin.wpenginepowered.com/wp-content/uploads/June-2025-Middle-East-Update.pdf,NA,16444,2026,U.S. House,Generic Ballot,2026-11-03T00:00:00Z,general,47,48
90180,1554,RMG Research,2178,Napolitan Institute,NA,NA,NA,RMG Research,Online Opt-In Panel,NA,2025-06-18T00:00:00Z,2025-06-19T00:00:00Z,FALSE,NA,220954,1000,rv,NA,rv,FALSE,2025-06-23 20:17:28 UTC,2025-06-23 20:17:28 UTC,NA,https://napolitannews.org/posts/generic-ballot-gop-holds-largest-lead-of-the-year,https://napolitannews.org/posts/generic-ballot-gop-holds-largest-lead-of-the-year,NA,NA,16444,2026,U.S. House,Generic Ballot,2026-11-03T00:00:00Z,general,44,52
90186,1347,Cygnal,NA,NA,NA,NA,NA,Cygnal,NA,NA,2025-06-19T00:00:00Z,2025-06-21T00:00:00Z,FALSE,NA,221001,800,lv,NA,lv,FALSE,2025-06-25 13:11:58 UTC,2025-06-25 13:11:58 UTC,NA,https://www.cygn.al/poll-bitcoin-owners-lean-republican-emerging-as-sought-after-voting-bloc-in-2026-elections/,https://www.cygn.al/poll-bitcoin-owners-lean-republican-emerging-as-sought-after-voting-bloc-in-2026-elections/,NA,https://www.cygn.al/wp-content/uploads/2025/06/Cygnal-National-Bitcoin-Policy-Summit-Deck.pdf,16444,2026,U.S. House,Generic Ballot,2026-11-03T00:00:00Z,general,48.4,46
90204,1102,Emerson,NA,NA,NA,NA,NA,Emerson College,Online Opt-In Panel/Text-to-Web,NA,2025-06-24T00:00:00Z,2025-06-25T00:00:00Z,FALSE,NA,221051,1000,rv,NA,rv,FALSE,2025-06-27 13:13:42 UTC,2025-06-27 13:13:42 UTC,NA,https://emersoncollegepolling.com/june-national-poll/,https://emersoncollegepolling.com/june-national-poll/,NA,https://docs.google.com/spreadsheets/d/1cwlzwZ55-BHCkCuixS1F8QfAQItDbGpL/edit?rtpof=true&sd=true&gid=47272069#gid=47272069,16444,2026,U.S. House,Generic Ballot,2026-11-03T00:00:00Z,general,42.5,39.8
90198,1810,American Pulse,NA,NA,NA,NA,NA,American Pulse Research & Polling,Live Phone/Online Opt-In Panel/Text-to-Web,NA,2025-06-23T00:00:00Z,2025-06-25T00:00:00Z,FALSE,NA,221029,633,rv,NA,rv,FALSE,2025-06-26 15:34:41 UTC,2025-06-30 13:59:53 UTC,NA,https://www.americanpulse.us/thankyou-pollresults-publicopinion-post-landscape-shaping-events-2,https://www.americanpulse.us/thankyou-pollresults-publicopinion-post-landscape-shaping-events-2,NA,https://drive.google.com/file/d/1fQWKf1QhBKMmxB2K1iVTA0gGRINhp3OL/view,16444,2026,U.S. House,Generic Ballot,2026-11-03T00:00:00Z,general,46.6,42.4
90202,1895,Quantus Insights,NA,NA,NA,NA,NA,Quantus Insights,Online Opt-In Panel/Text-to-Web,NA,2025-06-23T00:00:00Z,2025-06-25T00:00:00Z,FALSE,NA,221043,1000,rv,NA,rv,FALSE,2025-06-26 18:32:50 UTC,2025-06-26 18:32:50 UTC,NA,https://quantusinsights.org/f/quantus-insights-june-26-2025-national-political-survey,https://quantusinsights.org/f/quantus-insights-june-26-2025-national-political-survey,https://drive.google.com/file/d/1OB9TZ9n-zf0jiaCUXhiz7KMx4O00Ejje/view,https://docs.google.com/spreadsheets/d/1JpJHtbUwDhrW777D0MyY10jeSJSJK7YZ/edit?rtpof=true&sd=true&gid=1873450102#gid=1873450102,16444,2026,U.S. House,Generic Ballot,2026-11-03T00:00:00Z,general,43,42
90244,1347,Cygnal,NA,NA,NA,NA,NA,Cygnal,NA,NA,2025-07-01T00:00:00Z,2025-07-02T00:00:00Z,FALSE,NA,221241,1500,lv,NA,lv,FALSE,2025-07-09 14:22:16 UTC,2025-07-09 14:22:16 UTC,NA,https://www.cygn.al/poll-karens-freak-out-over-ice-raids-as-hispanic-support-for-deportations-surges/,https://www.cygn.al/poll-karens-freak-out-over-ice-raids-as-hispanic-support-for-deportations-surges/,NA,https://www.cygn.al/wp-content/uploads/2025/07/Cygnal-National-NVT-Jul25-Deck-Public.pdf,16444,2026,U.S. House,Generic Ballot,2026-11-03T00:00:00Z,general,47.1,45.7
90309,1302,Echelon Insights,NA,NA,NA,NA,NA,Echelon Insights,Online Opt-In Panel,NA,2025-07-10T00:00:00Z,2025-07-14T00:00:00Z,FALSE,NA,221406,1084,lv,NA,lv,FALSE,2025-07-14 20:10:31 UTC,2025-07-14 20:24:44 UTC,includes America Party candidate,https://echeloninsights.com/in-the-news/july-2025-verified-voter-omnibus-2-2-2-2-2-2-2/,https://echeloninsights.com/in-the-news/july-2025-verified-voter-omnibus-2-2-2-2-2-2-2/,https://echelonin.wpenginepowered.com/wp-content/uploads/July-2025-Voter-Omnibus-Topline-External.pdf,NA,16444,2026,U.S. House,Generic Ballot,2026-11-03T00:00:00Z,general,45,41
90309,1302,Echelon Insights,NA,NA,NA,NA,NA,Echelon Insights,Online Opt-In Panel,NA,2025-07-10T00:00:00Z,2025-07-14T00:00:00Z,FALSE,NA,221405,1084,lv,NA,lv,FALSE,2025-07-14 20:10:29 UTC,2025-07-14 20:10:29 UTC,NA,https://echeloninsights.com/in-the-news/july-2025-verified-voter-omnibus-2-2-2-2-2-2-2/,https://echeloninsights.com/in-the-news/july-2025-verified-voter-omnibus-2-2-2-2-2-2-2/,https://echelonin.wpenginepowered.com/wp-content/uploads/July-2025-Voter-Omnibus-Topline-External.pdf,NA,16444,2026,U.S. House,Generic Ballot,2026-11-03T00:00:00Z,general,47,48
90321,294,McLaughlin,NA,NA,NA,NA,NA,McLaughlin & Associates,Online Opt-In Panel,NA,2025-07-09T00:00:00Z,2025-07-14T00:00:00Z,FALSE,NA,221484,1000,lv,NA,lv,FALSE,2025-07-17 18:12:50 UTC,2025-07-17 18:12:50 UTC,NA,https://mclaughlinonline.com/2025/07/17/ma-poll-national-monthly-july-2025/,https://mclaughlinonline.com/2025/07/17/ma-poll-national-monthly-july-2025/,NA,https://mclaughlinonline.com/pols/wp-content/uploads/2025/07/National-July-Presentation-RELEASE-07-15-25.pdf,16444,2026,U.S. House,Generic Ballot,2026-11-03T00:00:00Z,general,42,47
90317,1873,Big Data Poll,2133,Public Polling Project,NA,NA,NA,Big Data Poll,Live Phone/Online Opt-In Panel/Text-to-Web/Text,NA,2025-07-12T00:00:00Z,2025-07-14T00:00:00Z,FALSE,NA,221468,3022,rv,NA,rv,FALSE,2025-07-16 21:16:08 UTC,2025-07-18 13:44:52 UTC,NA,https://www.bigdatapoll.com/blog/poll-trump-approval-turns-slightly-negative-in-july/,https://www.bigdatapoll.com/blog/poll-trump-approval-turns-slightly-negative-in-july/,NA,https://application.marketsight.com/app/ItemView.aspx?SharedFor=public%40bigdatapoll.com&SharedBy=34090&id=3365ed0e-4357-4944-a962-b31b01623800,16444,2026,U.S. House,Generic Ballot,2026-11-03T00:00:00Z,general,42.3,41.1
90334,1554,RMG Research,2178,Napolitan Institute,NA,NA,NA,RMG Research,Online Opt-In Panel,NA,2025-07-14T00:00:00Z,2025-07-16T00:00:00Z,FALSE,NA,221547,2000,rv,NA,rv,FALSE,2025-07-21 18:29:57 UTC,2025-07-21 18:29:58 UTC,NA,https://napolitannews.org/posts/generic-ballot-july-2025-republicans-46-percent-democrats-42,https://napolitannews.org/posts/generic-ballot-july-2025-republicans-46-percent-democrats-42,NA,NA,16444,2026,U.S. House,Generic Ballot,2026-11-03T00:00:00Z,general,45,49
90336,1805,Verasight,2265,Strength In Numbers,NA,NA,NA,Verasight,Text/Online Ad/Email,NA,2025-07-14T00:00:00Z,2025-07-16T00:00:00Z,FALSE,NA,221563,1500,a,NA,a,FALSE,2025-07-22 13:02:33 UTC,2025-07-22 13:02:33 UTC,NA,https://www.gelliottmorris.com/p/new-poll-dems-lead-house-generic,https://www.gelliottmorris.com/p/new-poll-dems-lead-house-generic,NA,NA,16444,2026,U.S. House,Generic Ballot,2026-11-03T00:00:00Z,general,47,43
90323,1895,Quantus Insights,NA,NA,NA,NA,NA,Quantus Insights,Online Opt-In Panel/Text-to-Web,NA,2025-07-14T00:00:00Z,2025-07-16T00:00:00Z,FALSE,NA,221488,1000,rv,NA,rv,FALSE,2025-07-17 20:10:30 UTC,2025-07-17 20:10:30 UTC,NA,https://quantusinsights.org/f/quantus-insights-survey-what-julys-numbers-tell-us,https://quantusinsights.org/f/quantus-insights-survey-what-julys-numbers-tell-us,NA,https://drive.google.com/file/d/1itHIYE8XQgWu6RGm_NXhcWK2amJjONku/view,16444,2026,U.S. House,Generic Ballot,2026-11-03T00:00:00Z,general,44,42
90328,1528,AtlasIntel,NA,NA,NA,NA,NA,AtlasIntel,Online Ad,NA,2025-07-13T00:00:00Z,2025-07-18T00:00:00Z,FALSE,NA,221520,1935,a,NA,a,FALSE,2025-07-19 01:39:52 UTC,2025-07-19 01:39:52 UTC,NA,https://atlasintel.org/poll/usa-national-2025-07-18,https://atlasintel.org/poll/usa-national-2025-07-18,NA,https://cdn.atlasintel.org/20e36f18-42bd-4a28-85f4-9f623905ba71.pdf,16444,2026,U.S. House,Generic Ballot,2026-11-03T00:00:00Z,general,51.3,42.7
90353,1699,Fabrizio/Impact,276,The Wall Street Journal,NA,NA,NA,"Fabrizio, Lee & Associates/Impact Research",Live Phone/Text-to-Web,NA,2025-07-16T00:00:00Z,2025-07-20T00:00:00Z,FALSE,NA,221660,1500,rv,NA,rv,FALSE,2025-07-25 02:26:09 UTC,2025-07-25 02:28:36 UTC,NA,https://www.wsj.com/politics/elections/trump-approval-rating-poll-july-2025-745b0f5f,https://www.wsj.com/politics/elections/trump-approval-rating-poll-july-2025-745b0f5f,https://prod-i.a.dj.com/public/resources/documents/Redacted1WSJPollJuly2025.pdf,NA,16444,2026,U.S. House,Generic Ballot,2026-11-03T00:00:00Z,general,46,43
90352,1102,Emerson,1185,Nexstar,NA,NA,NA,Emerson College,NA,NA,2025-07-21T00:00:00Z,2025-07-22T00:00:00Z,FALSE,NA,221656,1400,rv,NA,rv,FALSE,2025-07-25 00:13:23 UTC,2025-07-25 13:33:04 UTC,NA,https://www.conchovalleyhomepage.com/news/majority-disapprove-of-trumps-handling-of-epstein-files-emerson-college-polling-survey/,https://www.conchovalleyhomepage.com/news/majority-disapprove-of-trumps-handling-of-epstein-files-emerson-college-polling-survey/,NA,https://docs.google.com/spreadsheets/d/1iZsOtBWxln95TjYfOOGE6cfqX6WC86M8/edit?gid=1487510779#gid=1487510779,16444,2026,U.S. House,Generic Ballot,2026-11-03T00:00:00Z,general,44,41.5
90357,294,McLaughlin,1989,America's New Majority Project,NA,NA,NA,McLaughlin & Associates,Online Opt-In Panel,NA,2025-07-21T00:00:00Z,2025-07-24T00:00:00Z,FALSE,REP,221686,2000,rv,NA,rv,FALSE,2025-07-28 20:47:18 UTC,2025-07-28 20:47:18 UTC,NA,https://americasnewmajorityproject.com/how-the-epstein-documents-controversy-is-affecting-trumps-support/,https://americasnewmajorityproject.com/how-the-epstein-documents-controversy-is-affecting-trumps-support/,https://americasnewmajorityproject.com/wp-content/uploads/2025/07/20250724-NationalANMP-Topline.pdf,https://americasnewmajorityproject.com/wp-content/uploads/2025/07/20250724-NationalANMP-Tabs.pdf,16444,2026,U.S. House,Generic Ballot,2026-11-03T00:00:00Z,general,45.5,42.8
90357,294,McLaughlin,1989,America's New Majority Project,NA,NA,NA,McLaughlin & Associates,Online Opt-In Panel,NA,2025-07-21T00:00:00Z,2025-07-24T00:00:00Z,FALSE,REP,221687,1633,lv,NA,lv,FALSE,2025-07-28 20:47:21 UTC,2025-07-28 20:47:21 UTC,NA,https://americasnewmajorityproject.com/how-the-epstein-documents-controversy-is-affecting-trumps-support/,https://americasnewmajorityproject.com/how-the-epstein-documents-controversy-is-affecting-trumps-support/,https://americasnewmajorityproject.com/wp-content/uploads/2025/07/20250724-NationalANMP-Topline.pdf,https://americasnewmajorityproject.com/wp-content/uploads/2025/07/20250724-NationalANMP-Tabs.pdf,16444,2026,U.S. House,Generic Ballot,2026-11-03T00:00:00Z,general,48,43.9
